{"cameraMode":{"drawMode":0,"name":"Shaded","section":"Shading Mode"},"sceneLighting":false,"audioPlay":false,"sceneViewState":{"m_AlwaysRefresh":false,"showFog":true,"showSkybox":false,"showFlares":true,"showImageEffects":true,"showParticleSystems":true,"showVisualEffectGraphs":true,"m_FxEnabled":true},"in2DMode":false,"pivot":{"x":-1.1920928955078126e-7,"y":1.1098439693450928,"z":-0.3743878901004791},"rotation":{"x":-0.004498554393649101,"y":0.02489524707198143,"z":0.00011201920278836042,"w":0.9996799230575562},"size":2.2136471271514894,"orthographic":false}