{"cameraMode":{"drawMode":0,"name":"Shaded","section":"Shading Mode"},"sceneLighting":false,"audioPlay":false,"sceneViewState":{"m_AlwaysRefresh":false,"showFog":true,"showSkybox":false,"showFlares":true,"showImageEffects":true,"showParticleSystems":true,"showVisualEffectGraphs":true,"m_FxEnabled":true},"in2DMode":false,"pivot":{"x":14.275789260864258,"y":-0.6103472709655762,"z":0.35932350158691409},"rotation":{"x":0.18307363986968995,"y":-0.06336137652397156,"z":0.011824659071862698,"w":0.9809845089912415},"size":3.6681790351867677,"orthographic":false}